{"stats":{"minecraft:mined":{"minecraft:crafting_table":1,"minecraft:glow_lichen":1,"minecraft:granite":1,"minecraft:copper_ore":9,"minecraft:lapis_ore":3,"minecraft:wall_torch":1,"supplementaries:urn":6,"minecraft:iron_ore":48,"minecraft:andesite":3,"minecraft:coal_ore":9,"minecraft:oak_log":5,"minecraft:deepslate_iron_ore":3,"minecraft:stone":20,"minecraft:gold_ore":1},"minecraft:custom":{"minecraft:interact_with_furnace":7,"minecraft:mob_kills":12,"minecraft:interact_with_crafting_table":8,"minecraft:time_since_death":17393,"minecraft:time_since_rest":17393,"minecraft:sprint_one_cm":22443,"minecraft:damage_taken":265,"minecraft:walk_one_cm":62117,"minecraft:damage_blocked_by_shield":165,"minecraft:drop":4,"minecraft:damage_dealt":2110,"minecraft:swim_one_cm":389,"minecraft:fly_one_cm":22957,"minecraft:crouch_one_cm":1561,"minecraft:play_time":17393,"minecraft:sneak_time":389,"minecraft:walk_under_water_one_cm":1396,"minecraft:jump":278,"minecraft:walk_on_water_one_cm":2731,"minecraft:total_world_time":17393,"minecraft:fall_one_cm":9866},"minecraft:crafted":{"minecraft:oak_planks":20,"minecraft:crafting_table":1,"minecraft:wooden_pickaxe":1,"minecraft:furnace":1,"minecraft:bucket":1,"minecraft:stone_axe":1,"minecraft:air":0,"minecraft:iron_chestplate":1,"minecraft:shield":1,"minecraft:iron_axe":1,"minecraft:stick":12,"minecraft:iron_ingot":44,"minecraft:iron_pickaxe":1,"minecraft:stone_pickaxe":1,"minecraft:gold_ingot":3,"minecraft:torch":4},"minecraft:killed":{"minecraft:zombie_villager":1,"minecraft:spider":1,"minecraft:creeper":3,"minecraft:skeleton":2,"minecraft:zombie":3,"minecraft:silverfish":2},"minecraft:dropped":{"minecraft:stone_axe":2,"minecraft:stone_pickaxe":1,"minecraft:wooden_pickaxe":1},"minecraft:used":{"minecraft:stone_pickaxe":63,"minecraft:wooden_pickaxe":6,"minecraft:shield":6,"minecraft:rotten_flesh":5,"minecraft:iron_chestplate":1,"minecraft:torch":1,"minecraft:crafting_table":2,"minecraft:granite":1,"minecraft:apple":1,"minecraft:iron_axe":6,"minecraft:iron_pickaxe":29,"minecraft:stone_axe":17,"minecraft:cobblestone":9,"minecraft:furnace":1,"minecraft:andesite":3},"minecraft:picked_up":{"minecraft:crafting_table":1,"minecraft:glow_ink_sac":3,"minecraft:andesite":3,"minecraft:oak_log":5,"minecraft:gunpowder":3,"minecraft:lapis_lazuli":17,"minecraft:string":2,"minecraft:raw_copper":30,"minecraft:bone":6,"minecraft:zombie_head":1,"minecraft:apple":1,"minecraft:gold_nugget":29,"minecraft:raw_gold":1,"minecraft:stick":2,"minecraft:raw_iron":51,"minecraft:torch":1,"minecraft:arrow":2,"minecraft:rotten_flesh":5,"minecraft:stone_axe":1,"supplementaries:antique_ink":3,"minecraft:granite":1,"supplementaries:ash":8,"minecraft:oak_sapling":1,"minecraft:coal":9,"minecraft:cobblestone":23}},"DataVersion":3465}