{"stats":{"minecraft:mined":{"supplementaries:urn":2,"minecraft:iron_ore":10,"minecraft:crafting_table":1,"minecraft:glow_lichen":1,"minecraft:oak_log":5,"minecraft:coal_ore":2,"minecraft:stone":14},"minecraft:custom":{"minecraft:time_since_rest":5393,"minecraft:sprint_one_cm":5438,"minecraft:damage_taken":105,"minecraft:walk_one_cm":17576,"minecraft:mob_kills":2,"minecraft:damage_dealt":370,"minecraft:interact_with_crafting_table":2,"minecraft:fly_one_cm":6573,"minecraft:crouch_one_cm":747,"minecraft:play_time":5393,"minecraft:sneak_time":188,"minecraft:walk_under_water_one_cm":19,"minecraft:jump":61,"minecraft:time_since_death":5393,"minecraft:walk_on_water_one_cm":365,"minecraft:total_world_time":5393,"minecraft:fall_one_cm":5511},"minecraft:crafted":{"minecraft:oak_planks":20,"minecraft:crafting_table":1,"minecraft:stick":8,"minecraft:wooden_pickaxe":1,"minecraft:stone_pickaxe":1,"minecraft:torch":4,"minecraft:stone_axe":1},"minecraft:killed":{"minecraft:skeleton":1,"minecraft:creeper":1},"minecraft:used":{"minecraft:stone_pickaxe":21,"minecraft:wooden_pickaxe":6,"minecraft:stone_axe":5,"minecraft:crafting_table":1},"minecraft:picked_up":{"minecraft:stick":2,"minecraft:crafting_table":1,"minecraft:raw_iron":7,"minecraft:oak_log":5,"minecraft:gunpowder":2,"minecraft:arrow":1,"minecraft:bone":4,"minecraft:apple":1,"supplementaries:antique_ink":3,"minecraft:oak_sapling":1,"minecraft:coal":2,"minecraft:cobblestone":14}},"DataVersion":3465}