{"stats":{"minecraft:mined":{"minecraft:crafting_table":2,"minecraft:glow_lichen":1,"minecraft:granite":1,"minecraft:grass_block":1,"create_new_age:thorium_ore":14,"minecraft:copper_ore":9,"minecraft:cobblestone":1,"minecraft:lapis_ore":3,"minecraft:diorite":2,"minecraft:wall_torch":3,"supplementaries:urn":15,"farmersdelight:wild_onions":11,"minecraft:redstone_ore":1,"minecraft:furnace":1,"minecraft:iron_ore":59,"minecraft:andesite":3,"minecraft:coal_ore":27,"minecraft:oak_log":5,"minecraft:deepslate_iron_ore":3,"minecraft:dirt":2,"minecraft:stone":50,"minecraft:gold_ore":1},"minecraft:custom":{"minecraft:interact_with_furnace":8,"minecraft:mob_kills":19,"minecraft:interact_with_crafting_table":8,"minecraft:time_since_death":29393,"minecraft:time_since_rest":29393,"minecraft:sprint_one_cm":34971,"minecraft:damage_taken":310,"minecraft:walk_one_cm":97867,"minecraft:damage_blocked_by_shield":165,"minecraft:drop":5,"minecraft:damage_dealt":3434,"minecraft:swim_one_cm":2419,"minecraft:fly_one_cm":47649,"minecraft:crouch_one_cm":1622,"minecraft:play_time":29393,"minecraft:sneak_time":422,"minecraft:walk_under_water_one_cm":4698,"minecraft:jump":562,"minecraft:walk_on_water_one_cm":6419,"minecraft:total_world_time":29393,"minecraft:fall_one_cm":14609},"minecraft:crafted":{"minecraft:oak_planks":20,"minecraft:crafting_table":1,"minecraft:wooden_pickaxe":1,"minecraft:furnace":1,"minecraft:bucket":1,"minecraft:stone_axe":1,"minecraft:air":0,"minecraft:iron_chestplate":1,"minecraft:shield":1,"minecraft:iron_axe":1,"minecraft:stick":12,"minecraft:iron_ingot":51,"minecraft:iron_pickaxe":1,"minecraft:stone_pickaxe":1,"minecraft:gold_ingot":3,"minecraft:torch":4},"minecraft:killed":{"minecraft:zombie_villager":1,"minecraft:spider":1,"minecraft:creeper":3,"naturalist:snail":1,"minecraft:skeleton":2,"minecraft:zombie":9,"minecraft:silverfish":2},"minecraft:dropped":{"minecraft:stone_axe":2,"minecraft:allium":23,"minecraft:stone_pickaxe":1,"minecraft:wooden_pickaxe":1},"minecraft:used":{"minecraft:water_bucket":4,"minecraft:stone_pickaxe":63,"minecraft:oak_planks":1,"minecraft:wooden_pickaxe":6,"minecraft:shield":6,"minecraft:rotten_flesh":9,"minecraft:iron_chestplate":1,"minecraft:torch":3,"minecraft:crafting_table":2,"minecraft:granite":1,"minecraft:apple":1,"minecraft:iron_axe":26,"minecraft:iron_pickaxe":107,"minecraft:stone_axe":17,"minecraft:cobblestone":39,"minecraft:furnace":1,"minecraft:bucket":5,"minecraft:andesite":3},"minecraft:picked_up":{"minecraft:allium":23,"minecraft:crafting_table":2,"create_new_age:thorium":52,"minecraft:glow_ink_sac":3,"minecraft:andesite":3,"minecraft:oak_log":5,"supplementaries:flax_seeds":6,"minecraft:gunpowder":3,"minecraft:lapis_lazuli":17,"minecraft:dirt":3,"minecraft:string":2,"minecraft:raw_copper":30,"minecraft:bone":14,"minecraft:zombie_head":1,"minecraft:apple":1,"minecraft:gold_nugget":29,"minecraft:raw_gold":1,"minecraft:furnace":1,"minecraft:stick":2,"minecraft:raw_iron":62,"minecraft:torch":3,"minecraft:diorite":2,"minecraft:redstone":5,"minecraft:arrow":2,"minecraft:rotten_flesh":9,"minecraft:stone_axe":1,"farmersdelight:onion":11,"supplementaries:antique_ink":3,"minecraft:granite":1,"supplementaries:ash":19,"minecraft:oak_sapling":1,"minecraft:coal":27,"minecraft:cobblestone":59}},"DataVersion":3465}