{
	"level_seeds": [
		{
			"dim": "northstar:mars",
			"seed": -5570917642161117029
		},
		{
			"dim": "northstar:moon",
			"seed": -5570917642161117029
		},
		{
			"dim": "northstar:earth_orbit",
			"seed": -5570917642161117029
		},
		{
			"dim": "minecraft:the_end",
			"seed": -5570917642161117029
		},
		{
			"dim": "northstar:mercury",
			"seed": -5570917642161117029
		},
		{
			"dim": "minecraft:the_nether",
			"seed": -5570917642161117029
		},
		{
			"dim": "minecraft:overworld",
			"seed": -5570917642161117029
		},
		{
			"dim": "northstar:venus",
			"seed": -5570917642161117029
		},
		{
			"dim": "deeperdarker:otherside",
			"seed": -5570917642161117029
		}
	],
	"structure_seeds": [
		{
			"dim": "northstar:mars",
			"seed": -5570917642161117029
		},
		{
			"dim": "northstar:moon",
			"seed": -5570917642161117029
		},
		{
			"dim": "northstar:earth_orbit",
			"seed": -5570917642161117029
		},
		{
			"dim": "minecraft:the_end",
			"seed": -5570917642161117029
		},
		{
			"dim": "northstar:mercury",
			"seed": -5570917642161117029
		},
		{
			"dim": "minecraft:the_nether",
			"seed": -5570917642161117029
		},
		{
			"dim": "minecraft:overworld",
			"seed": -5570917642161117029
		},
		{
			"dim": "northstar:venus",
			"seed": -5570917642161117029
		},
		{
			"dim": "deeperdarker:otherside",
			"seed": -5570917642161117029
		}
	]
}